{"width":5.400000095367432,"depth":5.0,"thickness":3.0,"rotaton":{"x":0.0,"y":0.0,"z":0.0},"position":{"x":4.585525989532471,"y":3.0,"z":-0.5673923492431641},"texture":"BasinGranulatetexture2","alphaTexture":"GranulateTexture2Map","colourHexCode":"#83838D00","plywoodTextfield":[1.0,1.0,1.0,1.0]}