{"width":4.829999923706055,"depth":1.7200000286102296,"thickness":2.3420000076293947,"rotaton":{"x":0.0,"y":0.0,"z":0.0},"position":{"x":-1.1180000305175782,"y":2.3420000076293947,"z":0.0},"texture":"delta_granite_661A","alphaTexture":"UnityWhite","colourHexCode":"#FFFFFFFF","plywoodTextfield":[2.0,2.0,2.0,2.0]}