{
    "allCounters": [
        {
            "width": 5.400000095367432,
            "depth": 2.200000047683716,
            "thickness": 3.0,
            "rotaton": {
                "x": 0.0,
                "y": 0.0,
                "z": 0.0
            },
            "position": {
                "x": -4.146268367767334,
                "y": 3.0,
                "z": -7.367314338684082
            },
            "texture": "GranulateTexture2",
            "alphaTexture": "GranulateTexture2Map",
            "colourHexCode": "#C0C0C0FF",
            "plywoodTextfield": [
                1.0,
                1.0,
                1.0,
                1.0
            ],
            "allbasins": []
        },
        {
            "width": 5.400000095367432,
            "depth": 2.200000047683716,
            "thickness": 3.0,
            "rotaton": {
                "x": 0.0,
                "y": 270.2535095214844,
                "z": 0.0
            },
            "position": {
                "x": -1.2203055620193482,
                "y": 3.0,
                "z": 0.46503543853759768
            },
            "texture": "GranulateTexture2",
            "alphaTexture": "GranulateTexture2Map",
            "colourHexCode": "#C0C0C0FF",
            "plywoodTextfield": [
                2.0,
                2.0,
                2.0,
                2.0
            ],
            "allbasins": []
        },
        {
            "width": 5.400000095367432,
            "depth": 2.200000047683716,
            "thickness": 3.0,
            "rotaton": {
                "x": 0.0,
                "y": 270.29754638671877,
                "z": 0.0
            },
            "position": {
                "x": 14.561073303222657,
                "y": 3.0,
                "z": -8.584857940673829
            },
            "texture": "GranulateTexture2",
            "alphaTexture": "GranulatetextureMap",
            "colourHexCode": "#83838D00",
            "plywoodTextfield": [
                3.0,
                3.0,
                3.0,
                3.0
            ],
            "allbasins": []
        },
        {
            "width": 5.400000095367432,
            "depth": 2.200000047683716,
            "thickness": 3.0,
            "rotaton": {
                "x": 0.0,
                "y": 0.0,
                "z": 0.0
            },
            "position": {
                "x": 6.9169721603393559,
                "y": 3.0,
                "z": 6.22454309463501
            },
            "texture": "translucent_green_Ice_912B",
            "alphaTexture": "UnityWhite",
            "colourHexCode": "#FFFFFFFF",
            "plywoodTextfield": [
                4.0,
                4.0,
                4.0,
                4.0
            ],
            "allbasins": [
                {
                    "rotaton": {
                        "x": 0.0,
                        "y": 0.0,
                        "z": 0.0
                    },
                    "position": {
                        "x": 6.9169721603393559,
                        "y": 3.0399999618530275,
                        "z": 6.22454309463501
                    },
                    "texture": "GranulateTexture2",
                    "alphaTexture": "GranulateTexture2Map",
                    "colourHexCode": "#C0C0C0FF"
                }
            ]
        },
        {
            "width": 5.400000095367432,
            "depth": 2.200000047683716,
            "thickness": 3.0,
            "rotaton": {
                "x": 0.0,
                "y": 0.0,
                "z": 0.0
            },
            "position": {
                "x": 16.65943145751953,
                "y": 3.0,
                "z": 3.454404830932617
            },
            "texture": "GranulateTexture2",
            "alphaTexture": "GranulateTexture2Map",
            "colourHexCode": "#C0C0C0FF",
            "plywoodTextfield": [
                5.0,
                5.0,
                5.0,
                5.0
            ],
            "allbasins": []
        }
    ]
}