{
    "allCounters": [
        {
            "width": 5.400000095367432,
            "depth": 2.200000047683716,
            "thickness": 3.0,
            "rotaton": {
                "x": 0.0,
                "y": 0.0,
                "z": 0.0
            },
            "position": {
                "x": 1.0713493824005128,
                "y": 3.0,
                "z": -0.21384620666503907
            },
            "texture": "GranulateTexture2",
            "alphaTexture": "GranulateTexture2Map",
            "colourHexCode": "#C0C0C0FF",
            "plywoodTextfield": [
                1.0,
                1.0,
                1.0,
                1.0
            ],
            "allbasins": [
                {
                    "rotaton": {
                        "x": 0.0,
                        "y": 0.0,
                        "z": 0.0
                    },
                    "position": {
                        "x": 2.7713494300842287,
                        "y": 3.0420000553131105,
                        "z": -0.313846230506897
                    },
                    "texture": "GranulateTexture2",
                    "alphaTexture": "GranulateTexture2Map",
                    "colourHexCode": "#C0C0C0FF"
                },
                {
                    "rotaton": {
                        "x": 0.0,
                        "y": 0.0,
                        "z": 0.0
                    },
                    "position": {
                        "x": 1.0713493824005128,
                        "y": 3.0399999618530275,
                        "z": -0.21384620666503907
                    },
                    "texture": "GranulateTexture2",
                    "alphaTexture": "GranulateTexture2Map",
                    "colourHexCode": "#C0C0C0FF"
                }
            ]
        },
        {
            "width": 5.400000095367432,
            "depth": 2.200000047683716,
            "thickness": 3.0,
            "rotaton": {
                "x": 0.0,
                "y": 0.0,
                "z": 0.0
            },
            "position": {
                "x": 6.481349945068359,
                "y": 3.0,
                "z": -0.21384620666503907
            },
            "texture": "GranulateTexture2",
            "alphaTexture": "GranulateTexture2Map",
            "colourHexCode": "#C0C0C0FF",
            "plywoodTextfield": [
                2.0,
                2.0,
                2.0,
                2.0
            ],
            "allbasins": [
                {
                    "rotaton": {
                        "x": 0.0,
                        "y": 0.0,
                        "z": 0.0
                    },
                    "position": {
                        "x": 6.481349945068359,
                        "y": 3.0399999618530275,
                        "z": -0.21384620666503907
                    },
                    "texture": "GranulateTexture2",
                    "alphaTexture": "GranulateTexture2Map",
                    "colourHexCode": "#C0C0C0FF"
                }
            ]
        }
    ]
}