{
    "allCounters": [
        {
            "width": 5.400000095367432,
            "depth": 2.200000047683716,
            "thickness": 3.0,
            "rotaton": {
                "x": 0.0,
                "y": 0.0,
                "z": 0.0
            },
            "position": {
                "x": 1.0423939228057862,
                "y": 3.0,
                "z": -6.936031341552734
            },
            "texture": "GranulateTexture2",
            "alphaTexture": "GranulateTexture2Map",
            "colourHexCode": "#C0C0C0FF",
            "plywoodTextfield": [
                1.0,
                1.0,
                1.0,
                1.0
            ],
            "allbasins": []
        },
        {
            "width": 5.400000095367432,
            "depth": 2.200000047683716,
            "thickness": 3.0,
            "rotaton": {
                "x": 0.0,
                "y": 269.75372314453127,
                "z": 0.0
            },
            "position": {
                "x": -1.2941120862960816,
                "y": 3.0,
                "z": 2.144484043121338
            },
            "texture": "rain_cloud_519SA",
            "alphaTexture": "UnityWhite",
            "colourHexCode": "#FFFFFFFF",
            "plywoodTextfield": [
                2.0,
                2.0,
                2.0,
                2.0
            ],
            "allbasins": [
                {
                    "name": "700B",
                    "rotaton": {
                        "x": 0.0,
                        "y": 0.0,
                        "z": 0.0
                    },
                    "position": {
                        "x": -1.2941120862960816,
                        "y": 3.0399999618530275,
                        "z": 2.144484043121338
                    },
                    "texture": "GranulateTexture2",
                    "alphaTexture": "GranulateTexture2Map",
                    "colourHexCode": "#C0C0C0FF"
                }
            ]
        },
        {
            "width": 5.400000095367432,
            "depth": 2.200000047683716,
            "thickness": 3.0,
            "rotaton": {
                "x": 0.0,
                "y": 0.0,
                "z": 0.0
            },
            "position": {
                "x": 8.146858215332032,
                "y": 3.0,
                "z": 2.897963285446167
            },
            "texture": "translucent_green_Ice_912B",
            "alphaTexture": "UnityWhite",
            "colourHexCode": "#FFFFFFFF",
            "plywoodTextfield": [
                3.0,
                3.0,
                3.0,
                3.0
            ],
            "allbasins": [
                {
                    "name": "700B",
                    "rotaton": {
                        "x": 0.0,
                        "y": 0.0,
                        "z": 0.0
                    },
                    "position": {
                        "x": 9.846858024597168,
                        "y": 3.0420000553131105,
                        "z": 2.7979631423950197
                    },
                    "texture": "GranulateTexture2",
                    "alphaTexture": "GranulateTexture2Map",
                    "colourHexCode": "#C0C0C0FF"
                },
                {
                    "name": "700B",
                    "rotaton": {
                        "x": 0.0,
                        "y": 0.0,
                        "z": 0.0
                    },
                    "position": {
                        "x": 8.146858215332032,
                        "y": 3.0399999618530275,
                        "z": 2.897963285446167
                    },
                    "texture": "GranulateTexture2",
                    "alphaTexture": "GranulateTexture2Map",
                    "colourHexCode": "#C0C0C0FF"
                }
            ]
        },
        {
            "width": 5.400000095367432,
            "depth": 2.200000047683716,
            "thickness": 3.0,
            "rotaton": {
                "x": 0.0,
                "y": 0.0,
                "z": 0.0
            },
            "position": {
                "x": 11.519829750061036,
                "y": 3.0,
                "z": -6.642878532409668
            },
            "texture": "GranulateTexture2",
            "alphaTexture": "GranulateTexture2Map",
            "colourHexCode": "#C0C0C0FF",
            "plywoodTextfield": [
                4.0,
                4.0,
                4.0,
                4.0
            ],
            "allbasins": []
        }
    ]
}