{
    "allCounters": [
        {
            "width": 5.400000095367432,
            "depth": 2.200000047683716,
            "thickness": 3.0,
            "rotaton": {
                "x": 0.0,
                "y": 0.0,
                "z": 0.0
            },
            "position": {
                "x": -4.146268367767334,
                "y": 3.0,
                "z": -7.367314338684082
            },
            "texture": "GranulateTexture2",
            "alphaTexture": "GranulateTexture2Map",
            "colourHexCode": "#C0C0C0FF",
            "plywoodTextfield": [
                1.0,
                1.0,
                1.0,
                1.0
            ],
            "allbasins": []
        },
        {
            "width": 5.400000095367432,
            "depth": 2.200000047683716,
            "thickness": 3.0,
            "rotaton": {
                "x": 0.0,
                "y": 0.0,
                "z": 0.0
            },
            "position": {
                "x": 0.37903523445129397,
                "y": 3.0,
                "z": -0.8487911224365234
            },
            "texture": "GranulateTexture2",
            "alphaTexture": "GranulateTexture2Map",
            "colourHexCode": "#C0C0C0FF",
            "plywoodTextfield": [
                2.0,
                2.0,
                2.0,
                2.0
            ],
            "allbasins": []
        },
        {
            "width": 5.400000095367432,
            "depth": 2.200000047683716,
            "thickness": 3.0,
            "rotaton": {
                "x": 0.0,
                "y": 0.0,
                "z": 0.0
            },
            "position": {
                "x": 10.837259292602539,
                "y": 3.0,
                "z": -4.8234052658081059
            },
            "texture": "GranulateTexture2",
            "alphaTexture": "GranulatetextureMap",
            "colourHexCode": "#83838D00",
            "plywoodTextfield": [
                3.0,
                3.0,
                3.0,
                3.0
            ],
            "allbasins": [
                {
                    "rotaton": {
                        "x": 0.0,
                        "y": 0.0,
                        "z": 0.0
                    },
                    "position": {
                        "x": 10.837259292602539,
                        "y": 3.0409998893737795,
                        "z": -4.8234052658081059
                    },
                    "texture": "GranulateTexture2",
                    "alphaTexture": "GranulateTexture2Map",
                    "colourHexCode": "#C0C0C0FF"
                }
            ]
        },
        {
            "width": 5.400000095367432,
            "depth": 2.200000047683716,
            "thickness": 3.0,
            "rotaton": {
                "x": 0.0,
                "y": 0.0,
                "z": 0.0
            },
            "position": {
                "x": 6.9169721603393559,
                "y": 3.0,
                "z": 6.22454309463501
            },
            "texture": "translucent_green_Ice_912B",
            "alphaTexture": "UnityWhite",
            "colourHexCode": "#FFFFFFFF",
            "plywoodTextfield": [
                4.0,
                4.0,
                4.0,
                4.0
            ],
            "allbasins": []
        },
        {
            "width": 5.400000095367432,
            "depth": 2.200000047683716,
            "thickness": 3.0,
            "rotaton": {
                "x": 0.0,
                "y": 0.0,
                "z": 0.0
            },
            "position": {
                "x": 20.522001266479493,
                "y": 3.0,
                "z": 0.0
            },
            "texture": "GranulateTexture2",
            "alphaTexture": "GranulateTexture2Map",
            "colourHexCode": "#C0C0C0FF",
            "plywoodTextfield": [
                5.0,
                5.0,
                5.0,
                5.0
            ],
            "allbasins": []
        }
    ]
}